lactation,dim,forage_kg_day,rumination_min_day,milk_kg_day,milk_kg_min_robot,milkings_day,errors_by_100_milkings,high_cdt_by_100_milkings,watery_by_100_milkings,refusals_by_milking,colostrum_separated_kg
0.4109646932492242,-0.31765277101438044,0.45849166844917816,-0.840418529319364,-0.05613052698858373,-1.1789701057118451,1.295451845001635,1.1721864676878997,-0.37829633190616685,-0.3351003640362129,1.7673502798050889,-1.1110309199529553
-1.0106441396842267,-1.6283001531440444,-0.20882055742481653,-1.3807216549989936,-1.3750779736145549,0.6448080233432891,-1.2146438594969937,-0.39634565334319216,-0.37829633190616685,-0.3351003640362129,0.025698711319715337,-1.1110309199529553
-1.0106441396842267,-0.07238314472147055,0.5721516558020119,-1.6591064871388015,-0.39337281257841367,-0.5104561028770739,0.8192673364736949,-1.3810453968641208,-0.37829633190616685,-0.3351003640362129,1.4612315986046953,-1.1110309199529553
0.4109646932492242,0.355794371664782,2.3431678231329345,0.200343865163511,1.5130063267827243,0.9361090937646315,2.1272685874876367,0.9388704596249385,2.6519655567563487,3.108251302571158,1.3790638373313409,1.0716695918767847
0.4109646932492242,1.3420965806354317,-0.932788947052303,0.6687384505233068,0.8291668825455047,-0.4094692827986715,-0.933275745321064,0.40341235050531116,2.8310793400442216,3.1382258940619328,-0.933355342475291,0.2598148672773917
1.8152058893131895,1.0766643212611424,0.7425101022163401,0.012211154589374919,0.723394692173061,-0.6987306343379092,-0.25632062423482654,0.4838519328543181,-0.37829633190616685,-0.3351003640362129,-0.8483241354683593,0.7229824726833949
0.4109646932492242,-0.5871171762508034,-2.506500701977014,0.16649823285520773,-0.7237507089002266,-1.5650064736638645,0.17865637579351673,2.222379695171275,-0.37829633190616685,-0.3351003640362129,0.03741862652139806,-1.1110309199529553
0.4109646932492242,-0.7960686901892736,1.9418943315140798,2.4270089061917233,1.3287729448198402,-0.3772390922867104,1.3384026292841926,-0.2767095053212127,-0.37829633190616685,-0.3351003640362129,0.8877828030559524,1.018316561288069
1.6570292238567499,-1.5194055620764724,-0.8015113089556697,-1.1009466964992973,1.0752231955720017,0.41470877563967967,-0.547255380086048,0.05678149783723945,-0.37829633190616685,-0.3351003640362129,-1.1909048438612706,1.3502834345846502
-1.0106441396842267,-0.2097368801157861,0.4160740311188938,-1.3732665180450045,-0.8591147153086424,-0.3852824824916965,0.23760637107489777,-1.3810453968641208,-0.37829633190616685,-0.3351003640362129,0.8372812215231661,-1.1110309199529553
0.4109646932492242,0.15133158451323278,2.139389336362251,0.5118698069155989,2.3222344394669334,0.6606300458059404,1.0821636500473337,0.20344654601858728,-0.37829633190616685,-0.3351003640362129,-0.15426706331666337,1.2560916781352771
-1.0106441396842267,-0.6689647347907748,0.427735712341005,0.9156692369195361,-0.32988058732299286,-0.11538332269587083,-0.31690832799175495,-0.03226619688504418,-0.37829633190616685,-0.3351003640362129,-0.7328846454006873,-1.1110309199529553
-1.0106441396842267,-1.020151738298098,0.988611027111115,0.1302822448953731,0.7605949465686198,-1.2280519020147966,0.7372961155401324,0.17433031034691945,-0.37829633190616685,-0.3351003640362129,0.10668479369515524,0.31799276180670744
0.4109646932492242,-2.77197444907388,1.2228668628984036,-0.6394481300228085,0.2994412611759648,0.7432610212146316,0.222520396621294,1.4693723362455238,-0.37829633190616685,3.137981164828387,0.28588289463345673,-1.1110309199529553
0.4109646932492242,0.18166934547506494,1.173052570643653,0.6003627721860232,1.2521948160186696,-1.9339397854993812,2.0910035493215076,-0.14725025121134847,-0.37829633190616685,-0.3351003640362129,0.6929993160299348,-1.1110309199529553
-1.0106441396842267,-0.006371758549830847,0.12270189322341647,-1.538726079043114,-1.4428897891666657,0.23371997537307268,0.02861645075919834,0.9914031266828216,-0.37829633190616685,-0.3351003640362129,1.5732323682919498,-1.1110309199529553
0.4109646932492242,0.8065855651653998,-0.5087180650794051,0.06214141906738618,-0.9683593998805105,-0.022390527566802397,0.3816919079943063,-0.714265859196574,-0.37829633190616685,-0.3351003640362129,0.6429481473873365,0.4273813879183099
1.0607410067710932,1.1519009752452551,0.16975181310059625,-0.050180927779202585,1.331437333515336,0.013497473628855897,0.05237075782554652,-1.3810453968641208,-0.37829633190616685,-0.3351003640362129,-0.7447890860912003,0.371357932381253
1.4258835111005557,-0.9286173488124071,1.5665779701440081,0.6915153915372152,1.246912378229379,-1.7706976385728004,0.5511756487387276,-1.3810453968641208,-0.37829633190616685,-0.3351003640362129,0.40143407011841364,1.293098482508129
0.4109646932492242,-0.839632513367605,-1.232733027926953,-0.6242813285983438,0.6317202605656228,0.7409415690240744,-0.338376808985157,-0.34090655497159905,-0.37829633190616685,-0.3351003640362129,0.0590596115120253,0.23318414118000524
-1.0106441396842267,0.49117863600471356,0.16569683161445387,0.15643069133297005,-0.14850553578066236,-1.5336068611226454,-0.3559194826721017,-0.2641811099258114,-0.37829633190616685,-0.3351003640362129,0.6321378896703793,-1.1110309199529553
-1.0106441396842267,1.2237925015596864,-0.07153931278803356,-1.1672217907730142,-1.3715696592867703,-0.4508666905076591,0.49262773691243517,2.1508916019900934,-0.37829633190616685,-0.3351003640362129,1.576501370151223,0.6371674779405512
-1.0106441396842267,-0.7107450488580951,-0.23286291813854387,-0.8329847677323552,-1.6482870790859663,1.3913521277453698,-0.0022069414621965593,1.3488167916137883,-0.37829633190616685,-0.3351003640362129,0.8741060706620785,-1.1110309199529553
-1.0106441396842267,-0.14015203530631143,-0.09596895857040268,-1.6173219423481853,-1.0159696056430987,-0.9702353034220931,-0.05264854987869309,-1.3810453968641208,-0.37829633190616685,-0.3351003640362129,-0.10360694207708385,0.00794252082519771
-1.0106441396842267,-0.006371758549830847,0.8749078214533216,-0.3577527852970874,0.0562200087112705,-0.00222169726867351,0.9362926436264688,-0.14716732625200027,-0.37829633190616685,-0.3351003640362129,0.8139058270251606,-1.1110309199529553
-1.0106441396842267,0.4380363347882041,-0.19952664082028432,1.2366438106470967,0.7989749431511955,-0.7736195480788091,-0.014252166244426035,1.6192246210519936,2.826248973178671,3.134272091026723,-1.076867808992185,-1.1110309199529553
-1.0106441396842267,-0.7531096585109424,-0.8244319291498519,0.4318307936161561,-1.5250777981799684,0.29525586375956764,-0.04140506752503534,0.9720209877100907,-0.37829633190616685,-0.3351003640362129,0.10615653182984003,-1.1110309199529553
0.4109646932492242,0.3276848730568785,-0.479503930615881,-1.5220490742225299,-0.9372146684444822,1.322719602912525,-0.36071959916766827,0.6563785210003446,-0.37829633190616685,-0.3351003640362129,0.18801407940215117,1.35494948761254
-1.0106441396842267,0.4647725666206401,-0.471729599190998,0.14771621614050517,-0.383285593351481,1.2915846829384565,-0.6511170692792717,0.37933236422928024,-0.37829633190616685,-0.3351003640362129,0.449288211759585,-1.1110309199529553
-1.0106441396842267,-1.1624345791001904,0.9841422968629164,-2.1487735784689357,0.15289364374856723,-1.0569749800150496,1.8830815225147246,0.23777357493467363,-0.37829633190616685,-0.3351003640362129,1.6318221928248935,-1.1110309199529553
1.0607410067710932,0.12060140375018158,-0.4257308692786137,-2.228957444474168,-1.1834061217295042,0.620239008113667,0.951406581077802,0.05125952942585543,-0.37829633190616685,-0.3351003640362129,0.9493458586801036,1.4641065826410797
-1.0106441396842267,-0.7107450488580951,-1.127070910921882,1.6927178031641856,0.17814555347833358,0.477886674135795,0.12930529716929565,1.836080654594281,-0.37829633190616685,-0.3351003640362129,-0.3488501787923238,-1.1110309199529553
1.4258835111005557,-0.7960686901892736,-0.5863295493344437,0.04996571280604689,0.7258772449525452,-0.7556996146255096,0.0913421062720026,0.5327104295251401,-0.37829633190616685,-0.3351003640362129,-0.15787446967691943,1.4756987936082484
-1.0106441396842267,-0.839632513367605,0.1671945057423927,0.033517155501529325,-0.596293274542547,-1.2521085165467734,-0.37321675664995846,0.5336833872056757,-0.37829633190616685,-0.3351003640362129,0.2600878644815176,-1.1110309199529553
-1.0106441396842267,1.8386564068333688,0.01481264805598291,-0.4299323104490939,-0.8831806179945414,-1.1626357826877962,-0.5341196587309449,0.4051217840888069,-0.37829633190616685,-0.3351003640362129,0.4098530118591998,-1.1110309199529553
-1.0106441396842267,-1.114327022313091,-0.1447000152338475,-1.2492185701945289,-1.8916035440962797,-1.9866081531041706,0.25217535595066987,-1.3810453968641208,-0.37829633190616685,-0.3351003640362129,0.7752455695680068,-0.20182886128976651
1.0607410067710932,-0.006371758549830847,-0.22569156999297207,-0.7582935457274835,0.10750821305424924,1.670930206258413,-0.20929236801747367,-0.8185261559882591,-0.37829633190616685,-0.3351003640362129,-0.1910715814156796,1.497021322994373
-1.0106441396842267,-0.10604432226571599,0.7547383418665746,-0.22280580571307732,0.5136636031203068,-0.9235093736922743,0.8506030857024646,0.5521690785035587,-0.37829633190616685,-0.3351003640362129,-0.1842383755950293,-1.1110309199529553
0.4109646932492242,-0.31765277101438044,0.9916882667577138,-1.4077326781764132,0.22997513804168143,-0.8424124929361071,1.2909980786897008,-1.3810453968641208,-0.37829633190616685,-0.3351003640362129,1.1863087994631265,-1.1110309199529553
-1.0106441396842267,0.4109647152643876,-1.390676032020542,-0.31819843323390895,-0.9227017029983984,-1.1044304372768865,0.25744974972445317,-0.3420153946249123,-0.37829633190616685,-0.3351003640362129,1.4734786793557302,-1.1110309199529553
0.4109646932492242,-0.31765277101438044,1.1672012182543947,1.171275920121227,1.5989685914607041,-0.00709208373740992,2.052196677922969,1.4946045923947313,-0.37829633190616685,-0.3351003640362129,1.3210816850316525,0.9363252500281907
1.4258835111005557,1.3257542887980422,1.133031087539064,-1.6301643487010429,0.5298639965874902,-0.4586235748968807,0.9352735617987384,-1.3810453968641208,-0.37829633190616685,2.3238922953467998,1.046310397817649,1.453617472568206
-1.0106441396842267,1.5390739843821837,0.2993340438529395,0.13347668148401853,0.4483844463808212,0.15512616943560595,-0.47995968646689235,0.11792667179523086,-0.37829633190616685,-0.3351003640362129,-0.5990280880245759,-1.1110309199529553
0.4109646932492242,0.8065855651653998,0.9647595458530369,-0.21553198520918307,1.0125943353148315,0.10497969910833672,-0.2285453109176502,-1.3810453968641208,-0.37829633190616685,-0.3351003640362129,-0.4436637242458101,1.185034500538499
-1.0106441396842267,-0.245229201544601,0.08950195077189735,0.815590759737482,0.28885448247043755,-1.2421459281170926,0.3963724241125496,-0.17059244888201885,-0.37829633190616685,-0.3351003640362129,0.10802222735780205,-1.1110309199529553
-1.0106441396842267,-0.281198518801157,-0.9564017543909799,0.18217765682745807,-1.4759073655558055,0.6483986207008751,-1.808051798340515,0.4287552549966824,-0.37829633190616685,-0.3351003640362129,-0.7810968280984285,0.6792585583784205
-1.0106441396842267,-0.9286173488124071,-0.36560789119056536,-0.10883223685875877,-0.7792680017356435,0.26620343636090316,-0.8450946671200733,-0.0889844130540697,-0.37829633190616685,-0.3351003640362129,-0.36660511829228676,-1.1110309199529553
1.0607410067710932,-1.2607510909885353,0.5427235559946476,-0.3908215347435925,0.15584286070678222,0.3447040912044029,-0.8024028446087053,-0.2547034748826108,-0.37829633190616685,-0.3351003640362129,-1.3876959547281658,-1.1110309199529553
1.0607410067710932,-1.6283001531440444,0.2903484917552164,-0.4456644333728513,0.038803187327436484,0.15913636844709625,-1.358846636909931,-1.3810453968641208,-0.37829633190616685,-0.3351003640362129,-1.392229812768854,1.241396827454386
0.4109646932492242,-1.3109854026954333,-0.13371846447052366,0.89886948472049,0.3760496113287729,0.1427118799890817,-1.5283025971450828,-0.15144392774611942,-0.37829633190616685,-0.3351003640362129,-1.2937685590183536,1.4083745101304936
1.4258835111005557,1.1147126371466587,0.45183317683021457,1.2518313793536817,0.7314629404378926,0.2849388739201792,-0.7208667046092829,-1.3810453968641208,-0.37829633190616685,-0.3351003640362129,-1.4524214605568788,1.5043752539422746
0.4109646932492242,-0.6277587113863037,-1.3720482222552142,-0.10650627641783034,-0.8335854493656447,1.0234715782266164,-1.3809268608495193,2.0424927608691643,2.795532042412068,-0.3351003640362129,-0.38218233740789814,-1.1110309199529553
1.4258835111005557,1.258541461284128,-0.23362839590049006,1.8225754597390473,1.2881401695939476,1.56456028637854,-1.408887816231477,0.40452309703092876,-0.37829633190616685,-0.3351003640362129,-1.6937783514251403,1.0837329781587848
-1.0106441396842267,-0.5470306105307141,0.4047986371077369,0.9201400654526354,-0.6109760863389467,-0.21200075076345234,-0.12017101594086146,-0.38686644576480894,-0.37829633190616685,-0.3351003640362129,-1.0105821360672858,-1.1110309199529553
-1.0106441396842267,-0.7107450488580951,-1.1564965712340054,0.6918833186177563,-0.8518554300554468,-2.161334624022065,0.8773031629247725,0.7641891799925572,2.5701328429384027,-0.3351003640362129,0.460421293920755,0.39294206144350113
1.0607410067710932,1.5670043260143656,-0.25229936841024464,-0.6854736568536559,-0.5902549002516737,-1.7736832049447975,0.19019641805972876,-1.3810453968641208,-0.37829633190616685,-0.3351003640362129,1.3378413262925504,1.203075148106879
1.6570292238567499,0.15133158451323278,-0.9989052050925554,0.7901865365815491,0.7795609219122239,-1.5427970124439438,-0.5685258863402287,-1.3810453968641208,-0.37829633190616685,-0.3351003640362129,-0.7022413502965077,1.4920697984022693
0.4109646932492242,-0.39204897098781055,-1.8484045031491398,0.17304536328412778,0.0953775266742627,0.8410462325246649,-1.140293330178251,0.07361076930851722,-0.37829633190616685,-0.3351003640362129,-0.8281142088338643,0.8490622594053879
1.0607410067710932,1.8604574168882937,-1.0101595500338247,-0.8560662447634828,0.0966287002256534,-0.5047639592796341,-1.4642705710062989,0.743657511698102,-0.37829633190616685,-0.3351003640362129,-1.3481825149271038,-1.1110309199529553
-1.0106441396842267,0.24119227600280774,0.20999725370620417,-1.667817589605851,-0.9651756780435572,0.0546201855962588,-0.18628333355939175,-1.3810453968641208,-0.37829633190616685,-0.3351003640362129,-0.11192105407636692,-1.1110309199529553
1.4258835111005557,-0.10604432226571599,0.33680933536002194,0.8865795737899562,1.3167862116292293,-0.0900311722663476,-0.3355836892191912,0.1787595086494574,-0.37829633190616685,-0.3351003640362129,-0.830597692089806,1.1664591916554996
1.4258835111005557,-0.7531096585109424,-1.7850655444908639,0.3860294176023437,0.6993487585534727,-0.18495720297812193,-1.5497739741031946,-0.9797394369494878,-0.37829633190616685,-0.3351003640362129,-1.4993012435651125,1.241396827454386
-1.0106441396842267,-1.2607510909885353,0.3980592083316367,-2.1276869217658763,-0.8306974937858597,-1.3139430835878758,0.8871759741618395,-0.18056035251251734,-0.37829633190616685,-0.3351003640362129,1.8187782133833426,-1.1110309199529553
-1.0106441396842267,0.5430202162616085,0.15543294625111606,-0.4624829686900977,-1.1889681961423373,0.5841961826503234,0.5187496447842205,-1.3810453968641208,2.8313993658674432,3.1376129460950746,0.6135996549782551,-1.1110309199529553
-1.0106441396842267,0.6671879091301354,-0.7907646417423378,0.22951076091030537,-0.5108608000981665,-1.7366771740200126,0.17688133182945148,-1.3810453968641208,-0.37829633190616685,-0.3351003640362129,-0.4283282821317813,-1.1110309199529553
-1.0106441396842267,-0.839632513367605,-1.0753324468965415,0.9770135514705862,0.19941520364217505,2.633942549104491,-0.03667620444034134,2.051102065933976,2.420261048367124,-0.3351003640362129,-0.42742617251164744,-1.1110309199529553
-1.0106441396842267,0.7147773162375081,1.0381878805594613,1.0680485542333114,0.11317826242052194,0.30568116097614123,1.3537955141135452,0.8500774274698942,-0.37829633190616685,-0.3351003640362129,1.2457540796012037,-0.005002144519290486
0.4109646932492242,0.8065855651653998,-2.1293003026281996,-1.1549357307428398,-0.4525223169656163,-0.29735954572471435,-0.7271668850873682,0.2576999829051462,1.70076926795267,-0.3351003640362129,-0.6801920878685781,1.0156596713005657
1.0607410067710932,-0.7960686901892736,0.636913572140054,1.1074196602276463,1.6737607865819775,1.6855595859773584,-0.9344353033666624,0.5348522993457996,-0.37829633190616685,-0.3351003640362129,-1.637585424605898,1.6161088099724896
-1.0106441396842267,-2.224512168660673,-0.36755813124608283,-0.7107426666122831,-0.8428301112568412,-0.6753641807405769,0.8983858165277098,-1.3810453968641208,-0.37829633190616685,-0.3351003640362129,0.8014636195859838,-1.1110309199529553
-1.0106441396842267,0.6184293032653114,0.45704678068600985,-0.3350571182066698,-0.6985614837243517,0.2903464175583062,0.7416757381562971,0.4365453893408238,-0.37829633190616685,-0.3351003640362129,0.13210283715650498,-1.1110309199529553
0.4109646932492242,0.3835524828061728,1.3968209646481318,-1.6596275070873316,0.6761532531904504,-1.2034503016671037,1.4569400163604178,-1.3810453968641208,-0.37829633190616685,-0.3351003640362129,2.2076389596375967,0.22405801629417216
1.4258835111005557,0.6671879091301354,-0.001294918005250668,-0.5153662784440599,-0.38258702735968764,1.068451779928622,-0.5842413703509166,-1.3810453968641208,-0.37829633190616685,-0.3351003640362129,-0.5348737883837531,0.3786333028887008
0.4109646932492242,-0.1747137369030653,1.7750549233940518,0.5361270013094771,1.1126286445838343,1.8430448333550098,1.0608175255346919,-1.3810453968641208,2.6717867380706557,-0.3351003640362129,-0.2452716911695426,-1.1110309199529553
0.4109646932492242,-0.039161333154085445,2.028725544308556,0.44227030431964465,2.052385824111995,0.17451273204193757,1.4834430622298,0.36769444451245253,-0.37829633190616685,-0.3351003640362129,-0.1523249055029504,1.2775059992992066
0.4109646932492242,-1.5194055620764724,-0.3421852619860245,-1.732010189524947,-0.7181374738207001,1.2461863093945937,0.004896757657126524,0.4270425531321105,-0.37829633190616685,-0.3351003640362129,0.898226232005448,0.2421833854108428
1.0607410067710932,-1.2607510909885353,0.5534259811230725,1.072198667618941,0.45007666870764534,-0.7177630534454977,-0.39292126369731484,-1.3810453968641208,-0.37829633190616685,3.099122522758548,-1.3224297705843842,0.2421833854108428
-1.0106441396842267,0.4647725666206401,0.3970453892906067,-1.0275453776151084,-0.3002709776240467,0.27855940898461695,-0.23596708513977754,0.5528416385540972,-0.37829633190616685,-0.3351003640362129,-0.03133119683504843,-0.10360163538883699
1.6570292238567499,1.621120750248992,-2.1640554538717316,-1.015631059746597,-0.9552734483705848,0.7486689073877368,-1.401822846464294,1.1393939203243293,2.8314863609355676,-0.3351003640362129,-1.304044602977935,1.1386181660829129
-1.0106441396842267,0.5684655700340683,-0.2317104766639895,-1.503158681188239,-1.2339025056952708,0.471668427661753,-0.8321798859234912,0.6405859985105935,-0.37829633190616685,-0.3351003640362129,-0.13978210473536493,-0.0885723533934947
1.0607410067710932,-0.468484960014687,-2.4570770792905465,0.4110573916177768,0.09681536535274995,1.9633151515231422,-2.0289405560362734,0.2153903111749535,-0.37829633190616685,-0.3351003640362129,-1.584372106000992,1.371765467729176
-1.0106441396842267,0.12060140375018158,-0.8120752459480599,0.19554261687607497,0.007060235453767156,-0.1939349089123156,-1.7146496769757082,0.9555222954572125,-0.37829633190616685,-0.3351003640362129,-1.037574405681028,0.7948314413485932
-1.0106441396842267,-0.43000768813258616,-1.169244602473189,-1.3494247106987842,-2.0569105486054613,-0.8071444864431832,0.4721511972052967,-0.04173486157667473,-0.37829633190616685,-0.3351003640362129,0.7229587076224759,-1.1110309199529553
-1.0106441396842267,-0.5074895763839957,0.02392907254032888,0.7640745565777494,-0.5118615249015376,1.34226935991481,-0.8359941485632136,1.1240605611738714,-0.37829633190616685,-0.3351003640362129,0.6878893299221647,0.14601594862367032
-1.0106441396842267,-1.3619544483798611,0.08626542549532651,-0.2587398767819208,-0.6790373606035781,-0.5535820994353505,-0.5309863391930021,1.1746720120966418,-0.37829633190616685,-0.3351003640362129,-0.3825390066767509,0.3099956221540477
-1.0106441396842267,0.3835524828061728,-0.242429666135005,-1.513526843046793,-0.9779114266030365,-0.3771811827707355,-0.13832296495971047,0.893253374142363,-0.37829633190616685,-0.3351003640362129,-0.6309417353921649,-1.1110309199529553
0.4109646932492242,1.2412644180271748,-1.3886325711187852,-0.6648966703726177,-0.21431140682660746,-1.171337799252918,-1.1621901207693002,-1.3810453968641208,-0.37829633190616685,-0.3351003640362129,-1.1990479666543534,1.239535458082906
0.4109646932492242,-0.245229201544601,-0.9547045333274979,1.8570066429439624,1.2049681049157492,0.9516851527966989,-0.2709699538077974,-0.21789908281560164,-0.37829633190616685,-0.3351003640362129,0.08210925924410446,1.275749231689098
1.0607410067710932,-0.468484960014687,-0.11795643195935951,2.59138694252332,1.025130884695216,0.33626148214689794,-1.4834358734738273,-0.6803196224500491,-0.37829633190616685,-0.3351003640362129,-1.258359911162401,1.453617472568206
1.4258835111005557,-0.5871171762508034,-1.9058607979287743,1.4497809349438846,-0.7760404537925626,-0.13007150041961338,-1.0937772964275811,-1.3810453968641208,-0.37829633190616685,-0.3351003640362129,-0.9920442629802475,1.35494948761254
-1.0106441396842267,1.1334128097694283,-0.7217777175285427,0.7102183565689009,-1.0694318695298104,-1.1150421795233503,-1.3403321350231883,-1.0567138825270797,-0.37829633190616685,-0.3351003640362129,-0.23870112622458323,-1.1110309199529553
-1.0106441396842267,-0.6277587113863037,-0.4982685073695724,0.5000885812028856,0.22006730531591767,-1.0025290630566082,1.6338962258633083,1.1097815516596607,-0.37829633190616685,-0.3351003640362129,0.4284384810977975,0.00794252082519771
0.4109646932492242,0.7147773162375081,0.4803830214275782,0.5751961989572439,0.883966549581679,-0.9866125122348478,1.1765883698986561,-0.4905708829239771,-0.37829633190616685,-0.3351003640362129,1.1301726261033376,1.034026923486692
1.4258835111005557,-0.039161333154085445,-3.0311393379743716,-0.4103920963718896,-0.3649018035483198,1.3811462606576104,-1.614496195764266,-0.22228700734622125,-0.37829633190616685,-0.3351003640362129,-1.3180926687471244,1.2432526750591368
0.4109646932492242,0.08947248428737808,0.762962124757214,1.4024681166130917,0.7614675203770361,-0.30204925091929347,0.3199073101506823,-0.6625987454414252,-0.37829633190616685,-0.3351003640362129,0.8385135064469382,0.8455875790502227
-1.0106441396842267,-0.245229201544601,-0.6349731252342683,-1.5892903102368137,-2.523541445638642,0.5158388561251519,-0.8314565978830121,0.8486585355457503,-0.37829633190616685,-0.3351003640362129,-0.11964522124803911,-1.1110309199529553
0.4109646932492242,-0.6277587113863037,1.7213514002199655,0.44449984475655063,1.0533305881718997,0.2969266477922411,0.8629631422430691,-1.3810453968641208,-0.37829633190616685,2.57396579038998,0.004326362551079042,-1.1110309199529553
-1.0106441396842267,0.9153602996896391,-0.8720807128496476,-1.2191347606569152,-2.7624958573948257,0.1589500416294948,0.7321577486723183,0.9358358025362903,-0.37829633190616685,-0.3351003640362129,1.2733356742952209,-0.05951168672735258
-1.0106441396842267,0.2992184781991256,-0.041381072538132196,0.2051022707783437,0.6669072129351935,-1.0821791877578124,1.1580755492081833,0.45918306581541163,-0.37829633190616685,-0.3351003640362129,-0.026719142865067682,0.19588169084780074
-1.0106441396842267,0.6429569990488553,-0.8826322416807661,-0.6180455588254381,-1.782311646373906,-1.8030327369006995,-1.5053553268206468,0.8086751479055789,-0.37829633190616685,-0.3351003640362129,-0.22528672398221333,-1.1110309199529553
1.0607410067710932,0.6671879091301354,-1.94062764847574,0.7049935695633184,-0.6642751022530731,0.34480390413178863,-0.9264402059209247,-0.2009618587730648,-0.37829633190616685,-0.3351003640362129,-0.204538010218377,0.31799276180670744
-1.0106441396842267,-1.020151738298098,-0.890460537504352,-0.8541076583915638,-0.22168173413684616,0.3317646537114056,-1.7246763265117526,-1.3810453968641208,-0.37829633190616685,-0.3351003640362129,-0.9829168325860711,-1.1110309199529553
-1.0106441396842267,-0.839632513367605,1.0220785571396092,-0.8376045556020583,0.6700571079386496,0.12279610380984367,1.1437948539008527,1.2333814622019825,-0.37829633190616685,-0.3351003640362129,0.2950292193648924,0.3099956221540477
0.4109646932492242,-0.6689647347907748,-0.6770698633474381,-2.5550002752942538,-1.0794226345848394,0.5229880036666975,1.3960843900629336,-1.3810453968641208,-0.37829633190616685,-0.3351003640362129,1.9804627178242682,0.9800612386902646
-1.0106441396842267,-0.3546001808535166,-2.4550039901713894,-0.16582404878066226,-0.8044475308329142,0.4614440378206236,-2.0390219484289127,0.5802665342002493,-0.37829633190616685,-0.3351003640362129,-1.7806773023325388,1.0262206944477181
-1.0106441396842267,-0.6689647347907748,0.394238924925599,1.084359248142636,-0.4848348108111089,-1.003322531838429,-0.28973494518361637,0.09656503049568807,-0.37829633190616685,-0.3351003640362129,0.13303711837570512,0.9302582040176842
1.4258835111005557,-0.7531096585109424,-0.9539446637306225,0.782808270643111,0.34198907505014065,-0.4938850981090669,-1.0172193528830515,-1.3810453968641208,-0.37829633190616685,-0.3351003640362129,-1.5090744904108828,0.9884563427783748
-1.0106441396842267,0.12060140375018158,-0.26234089063485216,0.10411133138971419,-0.18131481260137156,-0.7591062671062427,-0.7075597142906465,0.09980167903093753,-0.37829633190616685,-0.3351003640362129,-0.10752956453742558,-1.1110309199529553
-1.0106441396842267,-0.2097368801157861,0.295712286942509,0.09818365224218635,-0.19251023068676373,-0.4994047505503706,1.3692945935108272,0.1839418119433008,-0.37829633190616685,-0.3351003640362129,1.7440959000844543,0.15630045252900596
-1.0106441396842267,0.9978871803276951,0.008526974631652478,-0.7973157894795109,-1.3554189340904053,1.2073312237424314,0.2490252477498873,1.164367598796827,-0.37829633190616685,-0.3351003640362129,0.8363318514540267,0.23318414118000524
0.4109646932492242,1.1334128097694283,-0.9135606387544069,-0.4894778972059587,-0.4073876610476623,-0.9322594042849133,-0.1864177811270125,-1.3810453968641208,-0.37829633190616685,-0.3351003640362129,0.05620266492599126,0.5868964483403674
-1.0106441396842267,-0.39204897098781055,-0.4146449968409134,-0.7893131526375523,-1.460645088290025,-0.777611831237679,-0.699510202318796,0.7082352071085557,-0.37829633190616685,-0.3351003640362129,0.09472756158237913,-0.005002144519290486
0.4109646932492242,1.7469147088688755,-0.4845302007831772,1.2424352964408785,0.5960066002722096,1.3167676204724867,-0.029787144078189123,1.6827384115751387,2.831112433671501,3.1270912449804538,-0.6188021573923523,0.7058512371305379
-1.0106441396842267,-1.0669034052806965,0.5983992812328613,-0.8873389790257228,-0.4899902024325634,-0.33914373306732726,1.2310151790113133,0.1859473730834583,-0.37829633190616685,-0.3351003640362129,1.8880851889080115,0.2598148672773917
0.4109646932492242,-1.3109854026954333,0.26245070255462155,1.1546421063059635,0.4133264178747445,0.5345688665872372,1.4368765065653182,-0.7177796910350799,-0.37829633190616685,-0.3351003640362129,1.1426939125652513,-1.1110309199529553
1.0607410067710932,0.8288595204720829,-0.1408507051866569,-0.4390003608980719,1.4386935513655075,-0.8375415729197878,1.536518323245899,-1.3810453968641208,-0.37829633190616685,2.270520260832219,0.8646235127073408,1.4210436559506916
0.4109646932492242,-1.3619544483798611,-1.2662804872399838,-0.028505223838704793,0.14707005873744344,1.4269425664380575,0.8700613305876447,-1.3810453968641208,2.8221621726395756,-0.3351003640362129,0.4389907283230307,0.9302582040176842
-1.0106441396842267,0.5430202162616085,-0.24820639481464407,-1.4311876991973573,-1.4281519557383737,0.058311994750182713,-0.5458878533927934,-1.074614058798166,-0.37829633190616685,-0.3351003640362129,0.5822059092336764,0.15630045252900596
0.4109646932492242,-0.43000768813258616,2.4240878959213634,-0.07403846207833188,1.6680041306546411,-0.8249820989670498,1.679656797675256,-1.3810453968641208,-0.37829633190616685,-0.3351003640362129,0.680433786868647,1.2070146002400004
-1.0106441396842267,-0.10604432226571599,-0.5000513599330055,0.4284644550434504,-0.5928332500709284,-1.5155360581993211,-0.296664301366471,1.0091110905200444,-0.37829633190616685,-0.3351003640362129,-0.5131350379805728,0.7437680241560899
0.4109646932492242,0.7840444338668876,-0.21278042857390067,0.1358562246933931,-0.9260678308549074,0.836635027918235,-1.3502625182127272,0.1329823484716305,2.831439991884621,3.0955624418236165,-1.504174016972275,-1.1110309199529553
0.4109646932492242,1.3092302071105422,1.1697156846767354,0.34259034158661655,2.75776017528724,-0.7913141462949814,1.099050972279611,-0.6709981635862698,-0.37829633190616685,-0.3351003640362129,-0.26989024125463695,0.7014954638258281
1.0607410067710932,-0.039161333154085445,-1.3574394722775347,1.131886975072302,-1.5514472056545834,0.001687246297846602,-1.7350330036821138,-1.3810453968641208,-0.37829633190616685,-0.3351003640362129,-1.5274618410546674,0.9856703641562415
0.4109646932492242,-0.8838118215665314,1.8581745016432267,-0.36052293398130797,1.083890569183835,0.6662181139245527,1.1076245080813256,-1.3810453968641208,-0.37829633190616685,-0.3351003640362129,1.2856453939074164,1.1911059419756889
0.4109646932492242,0.15133158451323278,1.0239465402426675,0.5905100337259653,1.2719427418910911,0.6718227000791124,1.4468049930252629,-0.2396049073854798,-0.37829633190616685,-0.3351003640362129,0.9848664541937693,1.1275724314100597
0.4109646932492242,0.18166934547506494,0.8502702837385212,1.5139724689635496,0.6815770423783984,1.1284628958013387,0.6578399844473104,-0.0070222254190796755,-0.37829633190616685,-0.3351003640362129,0.29881724323383835,0.371357932381253
1.0607410067710932,-3.6482341742491764,-1.5921084065082294,0.07265712704288886,0.01447527751406041,0.46448037726668606,0.2518032875266393,1.449186295166412,2.8298628775337087,3.1382154329310445,-1.1032812982024323,0.17639299479429954
0.4109646932492242,1.793715995407264,0.18067690696784441,-0.14665971818195508,-0.07423449378869,1.0624673808671778,0.7111612438829544,-0.5454091873160392,1.2274687920183827,-0.3351003640362129,0.20612247374525458,0.4273813879183099
-1.0106441396842267,1.9921021489750932,0.16032624828657768,0.48093513098830154,-0.7815310473145607,-0.5752476808790074,0.9348242938210725,0.33813985660716633,-0.37829633190616685,-0.3351003640362129,1.8562703569875885,0.10316744397489357
0.4109646932492242,-0.6277587113863037,0.6872566733558849,1.8876657613267094,1.1556245664725335,-0.5642683843401817,1.604602075733247,-1.3810453968641208,-0.37829633190616685,-0.3351003640362129,0.9016228701514605,0.30189818401902424
0.4109646932492242,0.15133158451323278,-0.5236266436106581,1.3046325414258497,-0.15909998091651473,0.6749609572388955,-1.1453348309798592,0.1653517466996196,-0.37829633190616685,-0.3351003640362129,-0.6660668944892848,0.38582742058375674
-1.0106441396842267,-0.6689647347907748,-1.0917901990964871,-0.44839272292153903,-0.0014800531763522608,0.21281879383023972,-0.4133512415135388,0.34272043199953334,-0.37829633190616685,-0.3351003640362129,-1.0306823411332868,-1.1110309199529553
-1.0106441396842267,0.8726212952986965,0.6521444059024926,-1.4050376631364923,-0.5165098384384678,-0.1797973962319878,0.41958100942586374,0.9935671128231078,-0.37829633190616685,-0.3351003640362129,0.40954262694352966,0.5380054703810414
1.4258835111005557,0.5430202162616085,-1.1007877680440206,-1.4964951606800818,0.6686507170037047,-0.9223360728036021,1.1818776866366127,-1.3810453968641208,2.8314865078859457,2.390456171757068,0.3203310490641477,0.49721947703287034
0.4109646932492242,1.258541461284128,2.1333543454719273,-0.7349184230744542,1.557689762308615,-0.8845308464161528,1.437089891728642,-0.5730405219681232,-0.37829633190616685,-0.3351003640362129,0.9139441017036999,-1.1110309199529553
1.4258835111005557,1.4960442701529517,-0.5737902590566007,-0.8124899519965512,-0.38397470782194953,1.6323803224595563,-1.4471753533868144,1.5657265102321294,-0.37829633190616685,-0.3351003640362129,-1.2483775763481162,-1.1110309199529553
1.4258835111005557,-1.7404736854697378,0.8240810862613971,-1.0354031343288574,0.12944162427696954,1.1349072369617346,1.1051020424194744,0.051455998734439526,2.81367698187894,-0.3351003640362129,1.0010076665167702,0.8314952958191756
1.4258835111005557,-1.114327022313091,1.8281500756864428,-1.7130182278187867,1.1316946623051536,1.3137960128848052,0.7625891281043491,-0.4710711651336287,1.5992571650901692,-0.3351003640362129,-0.5246039931904154,-1.1110309199529553
1.0607410067710932,-1.114327022313091,1.476083539639008,0.7227213551259931,1.0965868108830423,-1.506889615728061,0.46289457750060065,-1.3810453968641208,-0.37829633190616685,-0.3351003640362129,0.33020961554818395,-1.1110309199529553
0.4109646932492242,-0.5871171762508034,0.29987858560923436,0.8281405951092028,0.8360214897281982,1.4161977876815535,0.9166698225882283,0.20748683044278224,-0.37829633190616685,-0.3351003640362129,0.6077029513820713,1.0076211572773857
0.4109646932492242,-0.039161333154085445,0.020545830278255007,-2.5876445057596604,-0.2828655271347351,0.4722621485499464,0.5376659748437188,-1.3810453968641208,-0.37829633190616685,-0.3351003640362129,1.4745498905120877,-1.1110309199529553
-1.0106441396842267,-0.2097368801157861,-1.5976024435846978,0.3878081072723594,-0.4498241648274713,-1.5008086756566699,-0.39420746022398695,0.30347296205938734,-0.37829633190616685,-0.3351003640362129,0.5904589091741513,0.9272027091002879
1.0607410067710932,-0.31765277101438044,0.29320418533397363,0.39300584783187825,0.14694457087055096,-0.1973541344637952,-0.6357741128759258,-0.7667872954711196,-0.37829633190616685,-0.3351003640362129,-0.9054591450363899,-1.1110309199529553
-1.0106441396842267,-0.9286173488124071,-0.12100200323382332,0.5923431968890853,-0.05719152631803482,-0.39978249134125854,-0.6015590314673963,0.7322667819430899,-0.37829633190616685,-0.3351003640362129,-0.5835504033189753,0.9085531091545697
0.4109646932492242,-1.2607510909885353,0.055019632498258884,-0.7101951707988126,-0.0032458220743162183,-0.7130026708195419,-0.6926473880136909,-0.2697062256070995,-0.37829633190616685,-0.3351003640362129,-0.44890529734420975,-1.1110309199529553
1.0607410067710932,-1.3619544483798611,2.0714696608964105,-1.0504180620681867,1.200848241663179,0.21706762801850824,0.7160160239807392,0.09522068210591014,-0.37829633190616685,-0.3351003640362129,0.23395150406156168,1.4667014035980794
-1.0106441396842267,0.12060140375018158,-1.0215386364101742,-0.8366867918611672,-1.6337426343344774,-2.3001794470183152,-0.7773058607590447,0.43391359269522584,-0.37829633190616685,-0.3351003640362129,-0.2762314543027366,-1.1110309199529553
1.4258835111005557,0.6184293032653114,1.5775787762504965,-0.7711022254338743,0.7971093102412887,0.9910605659631329,1.1025749653938306,1.2878668057837903,2.8287737297359454,3.1382258940620407,0.19949704802445697,-0.3173758755043336
-1.0106441396842267,-0.1747137369030653,-0.8227757799994325,0.03175714595925006,-0.8705555633805078,0.009638800523564518,-1.4812766651225502,-0.04874826046741678,-0.37829633190616685,-0.3351003640362129,-0.8227191743804434,-1.1110309199529553
-1.0106441396842267,-0.2097368801157861,-1.4687063399700873,0.33384038438694846,-0.46651099966890763,-1.5994373894973342,0.12084272040743754,1.1098725088575796,-0.37829633190616685,-0.3351003640362129,0.32920543147194364,-1.1110309199529553
0.4109646932492242,1.9921021489750932,1.3875319507178099,-0.3295205671902886,0.9031362413011143,-1.6441303468530948,0.9105178299935781,-0.6063315570643817,-0.37829633190616685,-0.3351003640362129,0.8409256764444311,-1.1110309199529553
0.4109646932492242,-0.8838118215665314,-1.22698306221721,0.8593703575578248,0.11174617757779558,-0.8610314917623715,-1.571686130067999,-0.389673473270948,-0.37829633190616685,-0.3351003640362129,-0.41132116468976027,-1.1110309199529553
0.4109646932492242,-0.7531096585109424,1.509030210961782,-1.0974033380472905,0.6627672844732566,0.2591235195380316,1.1091806544528857,0.77556373867605,-0.37829633190616685,-0.3351003640362129,1.3424270422555369,0.9884563427783748
-1.0106441396842267,-0.5871171762508034,0.28738524729219017,0.9276458314570866,0.15057877602303862,-0.9556232025478911,0.8609503151135418,0.649347647151155,-0.37829633190616685,-0.3351003640362129,0.3997931523835421,0.39294206144350113
-1.0106441396842267,-0.9740602341891852,-1.5998156145918476,0.5196931088180342,-0.6586913540536923,0.45971312962936306,-0.6570085935055285,0.4046466016273979,-0.37829633190616685,-0.3351003640362129,-0.8865292596642963,-1.1110309199529553
-1.0106441396842267,-1.211238429898743,0.9360063268101505,0.48920505301908684,0.25276153097178183,0.5571332269610966,0.8098172566293422,1.1027890368202344,-0.37829633190616685,-0.3351003640362129,1.1959883371861557,-1.1110309199529553
0.4109646932492242,0.15133158451323278,-1.2184048651762456,-0.17020613743049978,-0.3621840154048063,-0.3307692846921807,-1.4584712375071716,-0.2579526798907836,-0.37829633190616685,-0.3351003640362129,0.005801994897750108,0.6882466153227396
-1.0106441396842267,1.9921021489750932,-0.11725536513956115,0.999763189037819,0.20385189252417352,-1.5022386314424006,1.1970387515599503,1.9225608035160495,-0.37829633190616685,-0.3351003640362129,0.3421892968688675,-1.1110309199529553
1.8152058893131895,-0.039161333154085445,0.4202889957871273,0.18808844570538635,0.5891709447862823,-0.08254708808630165,-1.0602816072760575,0.2893596505230169,-0.37829633190616685,2.8277230703616296,-1.2517769725235477,0.6515085088489893
1.0607410067710932,1.0179246101054444,-0.2743910431957383,1.8464764591386722,1.7718871864675256,0.20311716024602916,-1.5464623039157264,-1.3810453968641208,-0.37829633190616685,-0.3351003640362129,-1.5033924216045595,0.9512428849622067
-1.0106441396842267,-1.114327022313091,-0.1730340339979974,0.536579102169468,0.5531277040005117,1.7511512797459792,-1.1064952635488692,0.256813520056254,-0.37829633190616685,-0.3351003640362129,-1.1169637259040173,-1.1110309199529553
0.4109646932492242,0.8941167704072346,0.6068998990109518,-0.12187389852602977,0.682439209693992,0.2753045871955011,1.0998025939582667,-0.14754039973375174,-0.37829633190616685,-0.3351003640362129,1.6973683451271773,1.609461936908632
-1.0106441396842267,-0.10604432226571599,0.06811044656961206,-0.9608900813908673,-1.4147660164895366,0.47638952232531834,-0.2071692813116114,0.8490756558892245,-0.37829633190616685,-0.3351003640362129,0.39066595734902215,-1.1110309199529553
-1.0106441396842267,-0.39204897098781055,-1.209213379576054,0.24344413712363142,-1.560883677683455,-1.2497493819873002,-0.6490434023511575,0.1329823484716305,-0.37829633190616685,-0.3351003640362129,-0.2864758208737269,0.5091397174033953
-1.0106441396842267,1.4665778285907916,0.5649930811687112,-0.3818164158333176,-0.28756379318859854,-0.02638572305321367,1.557693748810038,0.8153957884858989,-0.37829633190616685,-0.3351003640362129,1.4756610523871458,-1.1110309199529553
1.4258835111005557,-1.211238429898743,-0.9358225226554657,1.4862279687794366,1.8766614656605252,-0.26133153511092466,-0.9920025603030352,-1.3810453968641208,-0.37829633190616685,-0.3351003640362129,-1.410402598123805,1.6161088099724896
-1.0106441396842267,-0.6689647347907748,-0.4959210949300022,0.003016216544655229,0.13034466303320025,2.091114495129847,-1.144546509886517,2.0574533593761624,-0.37829633190616685,-0.3351003640362129,-1.4509953445069466,-1.1110309199529553
0.4109646932492242,-1.4661506953533994,0.45141838386020405,-1.1085519843577278,-0.045588492229127996,-0.9548714700607239,-0.7544286893073481,0.08587964036147809,-0.37829633190616685,-0.3351003640362129,-1.0177170990563356,-1.1110309199529553
-1.0106441396842267,-0.07238314472147055,-0.24711864424742688,-0.9464878664690023,-1.2137622840281626,-0.38316452292333336,-0.7697471197823662,-0.33251359374204165,-0.37829633190616685,-0.3351003640362129,-0.3963150552463221,-1.1110309199529553
0.4109646932492242,0.08947248428737808,2.334783273238966,1.9935073463419413,2.144590049612398,0.010636049688734066,0.46543280204546356,-0.0810691936480888,-0.37829633190616685,-0.3351003640362129,-1.0779883778837256,-1.1110309199529553
-1.0106441396842267,1.1882531529437106,0.10564294534557085,0.4576548946403994,-0.06802698530495833,0.4440959573064819,-0.4043546928585961,-0.6637691198882986,-0.37829633190616685,-0.3351003640362129,-0.7313017978500743,-1.1110309199529553
0.4109646932492242,-0.1747137369030653,2.784011043201842,0.9339616549866343,2.077913197739484,1.0646829253169854,1.134885450014127,0.22264556848806888,-0.37829633190616685,-0.3351003640362129,-0.15461188301388168,-1.1110309199529553
0.4109646932492242,-0.7960686901892736,1.2315202649004051,1.6992107361009152,0.551725610449234,1.0896902951526464,0.9071960861251656,-1.3810453968641208,2.8273013247332437,3.138182174977797,0.40518543923730016,-1.1110309199529553
1.0607410067710932,-0.10604432226571599,-0.08780721061035522,2.028574590769927,0.8805378798750229,1.500749311676463,-1.2093704951050086,0.5246166629139231,2.8314800514001552,-0.3351003640362129,-1.5681816223717464,1.0518738775915697
0.4109646932492242,1.2925217432043026,0.27933498548170627,0.9317936208595741,-0.004139118442332515,0.4480265485887917,-0.2029755925310062,1.138842702389803,-0.37829633190616685,-0.3351003640362129,1.2817861655427696,-1.1110309199529553
-1.0106441396842267,1.9130950163373395,0.6074508567090886,-1.0972390425074219,-0.18355569700490418,0.43672455112956104,1.9952194568593489,0.5073919057108192,-0.37829633190616685,-0.3351003640362129,2.181866174454594,-1.1110309199529553
0.4109646932492242,-0.7107450488580951,0.08083801141324858,-0.15075085739084376,0.49653183981326676,1.5683160890610182,0.5844919148379116,0.8153276829950975,-0.37829633190616685,-0.3351003640362129,-0.052239588426496876,1.018316561288069
-1.0106441396842267,-0.468484960014687,0.6623954074815958,0.47809422860810097,-0.1561953296490128,-0.28203079268576464,0.38297442442476604,0.531887962731653,-0.37829633190616685,-0.3351003640362129,0.33056173382309223,-1.1110309199529553
-1.0106441396842267,1.9921021489750932,-0.0016957798833092729,0.08106076055853068,0.45177482529737584,-2.0451776701886777,1.859442901504941,0.9774984205415619,-0.37829633190616685,-0.3351003640362129,1.4303599115694512,0.8925805602973707
1.0607410067710932,-0.039161333154085445,-0.934583623193679,0.21208611309129938,-0.3362939956031162,-0.6632247926276352,-1.3657056697145136,0.3379971179680625,2.8124730665091304,-0.3351003640362129,-1.0676730255062998,1.2579044916584756
-1.0106441396842267,0.05793838570900955,0.6904527994772105,0.15661632391704508,-0.1727951931497482,1.0900134672271888,0.3422049713885461,1.052171938746773,2.5888331436111236,-0.3351003640362129,0.20455463864945125,-0.20182886128976651
0.4109646932492242,-0.5871171762508034,-1.4004818794761582,0.3131963838368792,1.4355042073291142,1.0247638831724095,-0.7984375938239219,-0.11812913127381638,-0.37829633190616685,-0.3351003640362129,-0.5058998440815107,1.059370411582126
1.0607410067710932,1.3092302071105422,1.3072600859197345,-0.3536206327924897,1.15681090763923,0.9333451515248745,-0.8657297324765999,-1.3810453968641208,-0.37829633190616685,-0.3351003640362129,-1.5496877834292608,-1.1110309199529553
-1.0106441396842267,0.9363555691700542,-0.2481333999609441,0.6540867603838503,-1.0908722835886895,1.469730441552051,-0.42281823087836384,-0.026579565705855644,-0.37829633190616685,-0.3351003640362129,-0.8171167423934802,0.3999789440486064
0.4109646932492242,-1.211238429898743,0.40937478354957274,-1.3013465786732108,-0.037019653725818245,-0.9539243061424236,-0.6737533261496503,-0.48200909091442634,-0.37829633190616685,-0.3351003640362129,-0.6107204495743789,1.0543826529873235
1.6570292238567499,0.02599254608198375,-0.8845378140275283,1.0057191929964457,1.8936523532022749,0.47873376841519655,-1.3378820291966884,-1.3810453968641208,-0.37829633190616685,3.1077208978892856,-1.5480308196192338,1.6161088099724896
-1.0106441396842267,1.9921021489750932,-0.645487709705665,-0.4498016792287401,-2.277214759330933,-1.3911140697525983,0.392602218802052,0.1150144197275463,-0.37829633190616685,-0.3351003640362129,2.006700221604721,0.3099956221540477
1.4258835111005557,-1.2607510909885353,0.01501944430700413,1.1006091294760412,1.695772920646548,1.1580471499672578,-1.3043908815703595,-0.6631844112704968,2.831486626175119,3.1382258767602313,-1.6997728936940912,0.8314952958191756
1.0607410067710932,1.64733672610219,0.7786743033749736,0.5616698833192626,1.7444897966086248,-1.166542266411333,-0.034758208240117404,0.7091728594872911,-0.37829633190616685,-0.3351003640362129,-0.490489758136968,0.763896025516973
1.0607410067710932,0.02599254608198375,0.9388301219661928,0.004882686064195788,0.4556780345138341,-0.9531422786613778,0.6898272905784502,0.5689256743411238,-0.37829633190616685,-0.3351003640362129,0.6787492686167609,1.3032813112790176
-1.0106441396842267,-1.020151738298098,0.4304585832301067,0.36660207480721907,-0.9789934113261028,0.09730004782126402,0.6989952260375778,-1.3810453968641208,-0.37829633190616685,-0.3351003640362129,1.7397882509278513,0.23318414118000524
1.9295753353598302,1.1334128097694283,-0.6413643027274182,2.2965980528066137,0.3369887118592412,-0.06046133710122773,-1.5476518760290212,0.7552903701540505,-0.37829633190616685,-0.3351003640362129,-1.0676539647162722,0.7948314413485932
1.0607410067710932,-1.2607510909885353,0.5219650526239318,0.4309091329883267,0.8421267821268171,0.7300808379344087,-0.9638579561705313,-1.3810453968641208,-0.37829633190616685,-0.3351003640362129,-1.1260603123121946,1.371765467729176
-1.0106441396842267,-0.14015203530631143,-0.2973050504118644,-0.8254303481005528,0.42865413143370795,-0.8059515541042113,1.8039755250773943,0.5986182010614746,-0.37829633190616685,-0.3351003640362129,0.9288354077256041,-1.1110309199529553
1.6570292238567499,0.5936003661459226,-1.0555296868464914,0.8722968039488912,0.6046595152159144,0.581227028006715,-1.230055170893094,-1.0409705030655798,1.8281788130739074,3.13798351653289,-1.4396627586304995,0.6608932714064764
-1.0106441396842267,-0.468484960014687,0.6210259717904995,-1.3014546483211127,-0.24312299107448596,-1.0753223629575899,1.4963621470263082,0.7307476679645377,-0.37829633190616685,-0.3351003640362129,1.315119196955971,-1.1110309199529553
1.0607410067710932,1.8496115136250801,1.3259546716802695,0.8967267024205016,1.5978266792509246,0.30411581685424655,0.6509613919416523,-1.3810453968641208,-0.37829633190616685,-0.3351003640362129,-0.6521831770794481,0.8728659055546855
-1.0106441396842267,-0.6689647347907748,-0.2952337602385702,0.1560830311750706,-0.9312747763772191,-0.5841639760038317,0.9662761023855757,0.2048701225808762,-0.37829633190616685,-0.3351003640362129,1.5823960295990656,0.6371674779405512
-1.0106441396842267,1.8496115136250801,-0.03896801230961243,-1.120872448811445,-1.2700724953935312,-0.6275476353264509,0.32062627626824824,-0.5054713297233614,-0.37829633190616685,-0.3351003640362129,0.700149028651147,0.9393370774789704
-1.0106441396842267,-0.39204897098781055,0.2183498105628058,0.5195552669822602,-0.20357693085845352,0.7746385035239003,0.3818552771447465,1.9178493864706812,-0.37829633190616685,-0.3351003640362129,0.4522738856984781,-1.1110309199529553
-1.0106441396842267,0.15133158451323278,0.4666945469393971,0.018071046407273472,-0.7112062012890598,0.917166303306247,0.6035985504936447,0.6882578510934649,-0.37829633190616685,-0.3351003640362129,1.3047452869852663,-1.1110309199529553
2.015732963043604,1.0377310760406515,-0.8693842286534001,1.260212176647053,-0.5346925301123373,1.3349033727185171,-1.5925288186688917,0.13980156650954936,-0.37829633190616685,-0.3351003640362129,-1.6340645438095824,-1.1110309199529553
1.6570292238567499,-0.281198518801157,-0.29024933860446944,-0.22514405501921897,-0.031844147542997726,1.1533504997598207,-0.7911082793711395,-1.3810453968641208,-0.37829633190616685,-0.3351003640362129,-1.0478618657496979,-1.1110309199529553
1.8152058893131895,0.5684655700340683,-0.31615640990034416,1.8041776292815492,0.8418496843690396,0.9193322542079706,-1.1546142193506104,-0.007834078953621598,-0.37829633190616685,-0.3351003640362129,-0.8410146377948982,1.1706348523738268
1.0607410067710932,-0.9286173488124071,0.34760857576608895,1.3783575098173686,1.3591325806671986,1.6688101783221507,0.6573945102057684,-0.03731328868538588,-0.37829633190616685,-0.3351003640362129,-0.5363835175337386,-1.1110309199529553
1.0607410067710932,1.685648369932352,0.08577458425489194,-0.4302516760273604,0.2226217948443094,-0.14734767210343516,-0.4964284816904057,-1.3810453968641208,2.8314866093853506,2.5403272278495734,-0.820687727476368,0.7144744486721888
-1.0106441396842267,-0.3546001808535166,0.3227945660740931,0.36296164502094874,-0.6310478799401452,1.5654280375128042,0.4317040367256801,-1.3810453968641208,-0.37829633190616685,-0.3351003640362129,0.594488816531885,-1.1110309199529553
-1.0106441396842267,1.7105345821961382,0.04769588704765604,-0.6399693306669691,-0.8487225139581276,-0.4958711653900329,-0.4192746680637832,0.4111315831682352,-0.37829633190616685,-0.3351003640362129,0.5898615698481076,-1.1110309199529553
1.0607410067710932,0.02599254608198375,-0.06470628125352967,1.0357766774661235,0.43590361945259437,0.7238168544233168,-0.4851481924322834,1.8989704666525924,2.8313261107071312,3.1382258932521405,-0.6711785194433059,-1.1110309199529553
1.4258835111005557,0.9571061028495854,1.1920653494753926,1.8803778808426257,1.41406401350613,0.7859377573328089,-0.36820585930585176,-1.3810453968641208,-0.37829633190616685,-0.3351003640362129,-1.0882536408159267,0.4789133344785449
-1.0106441396842267,-0.1747137369030653,0.12415849243147727,-0.863320575970971,-0.9371267872464779,-2.201589502149978,0.37858245844949495,0.5771618512830086,-0.37829633190616685,-0.3351003640362129,0.1622913443303268,-1.1110309199529553
-1.0106441396842267,1.782193807977953,-0.551165336977421,0.6183094658170056,-1.68599934076296,-0.4030275279033214,0.004664510565643686,1.9145052201513169,-0.37829633190616685,-0.3351003640362129,0.4209996891475548,0.11414739542548627
-1.0106441396842267,1.9921021489750932,-0.9528828895767266,0.3108234660896353,-0.7962015868445108,0.13026489540174782,-1.7978326021734174,-0.05827083997485265,-0.37829633190616685,-0.3351003640362129,-1.4117210055027611,-1.1110309199529553
-1.0106441396842267,-0.8838118215665314,0.866245974872169,0.969542817070023,-0.023833791402952328,-0.014552137713520815,1.0830396656444539,0.28584488381131934,-0.37829633190616685,-0.3351003640362129,0.9130608928380691,0.9302582040176842
-1.0106441396842267,-1.6839694871989779,1.009524347701463,-1.1091736766987144,0.22775819013534432,-1.380813230537524,1.5839280356954817,1.349937359530915,-0.37829633190616685,-0.3351003640362129,1.4161674092696446,-1.1110309199529553
-1.0106441396842267,0.05793838570900955,-0.37271919834134254,0.3647963836303189,-1.4853462024449187,-1.5766229243340597,-0.10801886307033365,2.065775421143296,2.8083028634102596,3.137550482120483,0.5666805054783411,-1.1110309199529553
-1.0106441396842267,1.673010491854323,0.1379439483586536,-1.1701246056262882,-1.2189112044088448,1.308705346298584,1.3486197575140562,1.195601939633076,-0.37829633190616685,-0.3351003640362129,2.017284278926178,0.5491973011743905
1.4258835111005557,-0.31765277101438044,-0.5214644637436753,-0.8820848064088482,0.418035891538606,2.3052185900982187,-0.24164316989028128,0.3836604639502308,-0.37829633190616685,-0.3351003640362129,-0.33786268426060495,1.2167561658183252
0.4109646932492242,1.1147126371466587,0.17833781543560578,0.9048068504838266,0.15787698469558464,1.1865603366842623,-0.40017559932509633,-1.3810453968641208,1.5876065876474865,3.0460393061421422,-0.8620933254831484,1.1297971766154307
-1.0106441396842267,1.5670043260143656,-0.3118603611510912,-0.4498016792287401,-2.216222726170869,-0.14315972044706632,1.3860542923538346,-1.3810453968641208,-0.37829633190616685,-0.3351003640362129,2.161433513367219,-1.1110309199529553
0.4109646932492242,0.5172595251488834,-0.971365019711313,0.5644517685033481,-0.3183297252422096,2.0458648910320885,-1.6888300375243692,-0.7145180848485666,-0.37829633190616685,-0.3351003640362129,-1.5816874203740943,-1.1110309199529553
-1.0106441396842267,-0.9286173488124071,-0.38068607755543027,-1.2813471114412243,-1.7815902553752503,-0.1458123569293903,0.1027610608654558,2.37912272623393,-0.37829633190616685,-0.3351003640362129,0.4621599047307278,0.27697839752620423
-1.0106441396842267,0.24119227600280774,0.0007515703064496508,0.08202319671664621,0.07252776865299836,0.0682885924592104,-0.6206301483242227,-0.056836914374533774,-0.37829633190616685,-0.3351003640362129,-1.3902982687280945,0.8314952958191756
0.4109646932492242,-0.5074895763839957,0.7950954902193874,-0.12735747101595465,0.5277147704065731,-0.8254590403496372,-0.5085818039712259,-1.3810453968641208,-0.37829633190616685,-0.3351003640362129,-1.179347552732625,0.7834063995111227
-1.0106441396842267,-1.211238429898743,0.6905795795213978,0.9743561717321733,-0.3689021762036335,0.6018007534976645,0.246254237921843,1.4169426667268805,-0.37829633190616685,-0.3351003640362129,0.1620923088612796,0.18621057084828987
1.4258835111005557,0.3835524828061728,1.6275044943233585,-0.13205430989881456,1.3058901734069208,0.4169246658742419,0.31124419618912896,-0.6792028452981398,-0.37829633190616685,-0.3351003640362129,-0.39532684211373936,0.5436258261877591
